-- MySQL Script generated by MySQL Workbench
-- Mon Jan 24 16:11:18 2022
-- Model: New Model    Version: 1.0
-- MySQL Workbench Forward Engineering

SET @OLD_UNIQUE_CHECKS=@@UNIQUE_CHECKS, UNIQUE_CHECKS=0;
SET @OLD_FOREIGN_KEY_CHECKS=@@FOREIGN_KEY_CHECKS, FOREIGN_KEY_CHECKS=0;
SET @OLD_SQL_MODE=@@SQL_MODE, SQL_MODE='ONLY_FULL_GROUP_BY,STRICT_TRANS_TABLES,NO_ZERO_IN_DATE,NO_ZERO_DATE,ERROR_FOR_DIVISION_BY_ZERO,NO_ENGINE_SUBSTITUTION';

-- -----------------------------------------------------
-- Schema mydb
-- -----------------------------------------------------

-- -----------------------------------------------------
-- Schema mydb
-- -----------------------------------------------------
CREATE SCHEMA IF NOT EXISTS `mydb` DEFAULT CHARACTER SET utf8 ;
USE `mydb` ;

-- -----------------------------------------------------
-- Table `mydb`.`Sucursal`
-- -----------------------------------------------------
DROP TABLE IF EXISTS `mydb`.`Sucursal` ;

CREATE TABLE IF NOT EXISTS `mydb`.`Sucursal` (
  `ID` INT NOT NULL,
  `Nombre` VARCHAR(45) NOT NULL,
  `Beneficio` DOUBLE NULL,
  `Latitud` DOUBLE NOT NULL,
  `Longitud` DOUBLE NOT NULL,
  PRIMARY KEY (`ID`))
ENGINE = InnoDB;


-- -----------------------------------------------------
-- Table `mydb`.`Empleado`
-- -----------------------------------------------------
DROP TABLE IF EXISTS `mydb`.`Empleado` ;

CREATE TABLE IF NOT EXISTS `mydb`.`Empleado` (
  `DNI` VARCHAR(9) NOT NULL,
  `Nombre` VARCHAR(45) NOT NULL,
  `NumSeguridadSocial` VARCHAR(45) NOT NULL,
  `FechaInicioContrato` DATETIME NULL,
  `FechaFinContrato` DATETIME NULL,
  `Telefono` INT(9) NOT NULL,
  `FechaNacimiento` DATETIME NOT NULL,
  `Salario` DOUBLE NOT NULL,
  `Puesto` VARCHAR(45) NOT NULL,
  PRIMARY KEY (`DNI`))
ENGINE = InnoDB;


-- -----------------------------------------------------
-- Table `mydb`.`Empresa Externa`
-- -----------------------------------------------------
DROP TABLE IF EXISTS `mydb`.`Empresa Externa` ;

CREATE TABLE IF NOT EXISTS `mydb`.`Empresa Externa` (
  `CIF` VARCHAR(45) NOT NULL,
  `Telefono` INT(9) NOT NULL,
  `Nombre` VARCHAR(45) NOT NULL,
  PRIMARY KEY (`CIF`))
ENGINE = InnoDB;


-- -----------------------------------------------------
-- Table `mydb`.`Sucursal_Tiene`
-- -----------------------------------------------------
DROP TABLE IF EXISTS `mydb`.`Sucursal_Tiene` ;

CREATE TABLE IF NOT EXISTS `mydb`.`Sucursal_Tiene` (
  `Sucursal_ID` INT NOT NULL,
  PRIMARY KEY (`Sucursal_ID`),
  CONSTRAINT `fk_Sucursal_Tiene_Sucursal1`
    FOREIGN KEY (`Sucursal_ID`)
    REFERENCES `mydb`.`Sucursal` (`ID`)
    ON DELETE NO ACTION
    ON UPDATE NO ACTION)
ENGINE = InnoDB;


-- -----------------------------------------------------
-- Table `mydb`.`Coche`
-- -----------------------------------------------------
DROP TABLE IF EXISTS `mydb`.`Coche` ;

CREATE TABLE IF NOT EXISTS `mydb`.`Coche` (
  `Matricula` VARCHAR(45) NOT NULL,
  `MarcaModelo` VARCHAR(150) NOT NULL,
  `NumAparcamiento` INT NOT NULL,
  `Precio` DOUBLE NOT NULL,
  `Sucursal_Tiene_Sucursal_ID` INT NOT NULL,
  PRIMARY KEY (`Matricula`, `Sucursal_Tiene_Sucursal_ID`),
  INDEX `fk_Coche_Sucursal_Tiene1_idx` (`Sucursal_Tiene_Sucursal_ID` ASC) VISIBLE,
  CONSTRAINT `fk_Coche_Sucursal_Tiene1`
    FOREIGN KEY (`Sucursal_Tiene_Sucursal_ID`)
    REFERENCES `mydb`.`Sucursal_Tiene` (`Sucursal_ID`)
    ON DELETE NO ACTION
    ON UPDATE NO ACTION)
ENGINE = InnoDB;


-- -----------------------------------------------------
-- Table `mydb`.`Cliente`
-- -----------------------------------------------------
DROP TABLE IF EXISTS `mydb`.`Cliente` ;

CREATE TABLE IF NOT EXISTS `mydb`.`Cliente` (
  `Telefono` INT(9) NOT NULL,
  `Nombre` VARCHAR(45) NOT NULL,
  `Email` VARCHAR(45) NOT NULL,
  `FechaNacimiento` DATETIME NOT NULL,
  `LicenciaConducir` VARCHAR(45) NOT NULL,
  PRIMARY KEY (`LicenciaConducir`))
ENGINE = InnoDB;


-- -----------------------------------------------------
-- Table `mydb`.`Reserva`
-- -----------------------------------------------------
DROP TABLE IF EXISTS `mydb`.`Reserva` ;

CREATE TABLE IF NOT EXISTS `mydb`.`Reserva` (
  `ID` INT NOT NULL,
  `Precio` DOUBLE NULL,
  `FechaInicio` DATETIME NOT NULL,
  `FechaFin` DATETIME NOT NULL,
  `Coche_Matricula` VARCHAR(45) NOT NULL,
  `Coche_Sucursal_Tiene_Sucursal_ID` INT NOT NULL,
  `Empleado_DNI` VARCHAR(9) NOT NULL,
  `Cliente_LicenciaConducir` VARCHAR(45) NOT NULL,
  PRIMARY KEY (`Coche_Matricula`, `Coche_Sucursal_Tiene_Sucursal_ID`, `Empleado_DNI`, `Cliente_LicenciaConducir`),
  INDEX `fk_Reserva_Coche1_idx` (`Coche_Matricula` ASC, `Coche_Sucursal_Tiene_Sucursal_ID` ASC) VISIBLE,
  INDEX `fk_Reserva_Empleado1_idx` (`Empleado_DNI` ASC) VISIBLE,
  INDEX `fk_Reserva_Cliente1_idx` (`Cliente_LicenciaConducir` ASC) VISIBLE,
  CONSTRAINT `fk_Reserva_Coche1`
    FOREIGN KEY (`Coche_Matricula` , `Coche_Sucursal_Tiene_Sucursal_ID`)
    REFERENCES `mydb`.`Coche` (`Matricula` , `Sucursal_Tiene_Sucursal_ID`)
    ON DELETE NO ACTION
    ON UPDATE NO ACTION,
  CONSTRAINT `fk_Reserva_Empleado1`
    FOREIGN KEY (`Empleado_DNI`)
    REFERENCES `mydb`.`Empleado` (`DNI`)
    ON DELETE NO ACTION
    ON UPDATE NO ACTION,
  CONSTRAINT `fk_Reserva_Cliente1`
    FOREIGN KEY (`Cliente_LicenciaConducir`)
    REFERENCES `mydb`.`Cliente` (`LicenciaConducir`)
    ON DELETE NO ACTION
    ON UPDATE NO ACTION)
ENGINE = InnoDB;


-- -----------------------------------------------------
-- Table `mydb`.`Empleado_Trabaja_Sucursal`
-- -----------------------------------------------------
DROP TABLE IF EXISTS `mydb`.`Empleado_Trabaja_Sucursal` ;

CREATE TABLE IF NOT EXISTS `mydb`.`Empleado_Trabaja_Sucursal` (
  `Sucursal_ID` INT NOT NULL,
  `Empleado_DNI` VARCHAR(9) NOT NULL,
  PRIMARY KEY (`Sucursal_ID`, `Empleado_DNI`),
  INDEX `fk_Empleado_Trabaja_Sucursal_Empleado1_idx` (`Empleado_DNI` ASC) VISIBLE,
  CONSTRAINT `fk_Empleado_Trabaja_Sucursal_Sucursal`
    FOREIGN KEY (`Sucursal_ID`)
    REFERENCES `mydb`.`Sucursal` (`ID`)
    ON DELETE NO ACTION
    ON UPDATE NO ACTION,
  CONSTRAINT `fk_Empleado_Trabaja_Sucursal_Empleado1`
    FOREIGN KEY (`Empleado_DNI`)
    REFERENCES `mydb`.`Empleado` (`DNI`)
    ON DELETE NO ACTION
    ON UPDATE NO ACTION)
ENGINE = InnoDB;


-- -----------------------------------------------------
-- Table `mydb`.`Sucursal_Contrata_EmpresaExterna`
-- -----------------------------------------------------
DROP TABLE IF EXISTS `mydb`.`Sucursal_Contrata_EmpresaExterna` ;

CREATE TABLE IF NOT EXISTS `mydb`.`Sucursal_Contrata_EmpresaExterna` (
  `Sucursal_ID` INT NOT NULL,
  `Empresa Externa_CIF` VARCHAR(45) NOT NULL,
  `Coste` DOUBLE NOT NULL,
  `FechaInicio` VARCHAR(45) NOT NULL,
  `FechaFin` VARCHAR(45) NOT NULL,
  `InformacionContrato` VARCHAR(45) NULL,
  PRIMARY KEY (`Sucursal_ID`, `Empresa Externa_CIF`, `FechaInicio`, `FechaFin`),
  INDEX `fk_Sucursal_Contrata_EmpresaExterna_Empresa Externa1_idx` (`Empresa Externa_CIF` ASC) VISIBLE,
  CONSTRAINT `fk_Sucursal_Contrata_EmpresaExterna_Sucursal1`
    FOREIGN KEY (`Sucursal_ID`)
    REFERENCES `mydb`.`Sucursal` (`ID`)
    ON DELETE NO ACTION
    ON UPDATE NO ACTION,
  CONSTRAINT `fk_Sucursal_Contrata_EmpresaExterna_Empresa Externa1`
    FOREIGN KEY (`Empresa Externa_CIF`)
    REFERENCES `mydb`.`Empresa Externa` (`CIF`)
    ON DELETE NO ACTION
    ON UPDATE NO ACTION)
ENGINE = InnoDB;


-- -----------------------------------------------------
-- Table `mydb`.`Nacional`
-- -----------------------------------------------------
DROP TABLE IF EXISTS `mydb`.`Nacional` ;

CREATE TABLE IF NOT EXISTS `mydb`.`Nacional` (
  `DNI` VARCHAR(45) NOT NULL,
  `Cliente_LicenciaConducir` VARCHAR(45) NOT NULL,
  PRIMARY KEY (`DNI`, `Cliente_LicenciaConducir`),
  INDEX `fk_Nacional_Cliente1_idx` (`Cliente_LicenciaConducir` ASC) VISIBLE,
  CONSTRAINT `fk_Nacional_Cliente1`
    FOREIGN KEY (`Cliente_LicenciaConducir`)
    REFERENCES `mydb`.`Cliente` (`LicenciaConducir`)
    ON DELETE NO ACTION
    ON UPDATE NO ACTION)
ENGINE = InnoDB;


-- -----------------------------------------------------
-- Table `mydb`.`Extranjero`
-- -----------------------------------------------------
DROP TABLE IF EXISTS `mydb`.`Extranjero` ;

CREATE TABLE IF NOT EXISTS `mydb`.`Extranjero` (
  `Pasaporte` VARCHAR(45) NOT NULL,
  `Cliente_LicenciaConducir` VARCHAR(45) NOT NULL,
  PRIMARY KEY (`Pasaporte`, `Cliente_LicenciaConducir`),
  INDEX `fk_Extranjero_Cliente1_idx` (`Cliente_LicenciaConducir` ASC) VISIBLE,
  CONSTRAINT `fk_Extranjero_Cliente1`
    FOREIGN KEY (`Cliente_LicenciaConducir`)
    REFERENCES `mydb`.`Cliente` (`LicenciaConducir`)
    ON DELETE NO ACTION
    ON UPDATE NO ACTION)
ENGINE = InnoDB;

USE `mydb` ;

-- -----------------------------------------------------
-- procedure actualizaBeneficio
-- -----------------------------------------------------

USE `mydb`;
DROP procedure IF EXISTS `mydb`.`actualizaBeneficio`;

DELIMITER $$
USE `mydb`$$
CREATE PROCEDURE `actualizaBeneficio` (
	IN ID_Sucursal INT, IN  diferencia DOUBLE
)
BEGIN
	UPDATE `mydb`.`Sucursal`
    SET Beneficio = Beneficio + diferencia WHERE ID = ID_Sucursal;
END$$

DELIMITER ;

-- -----------------------------------------------------
-- procedure cobroSueldosEmpleados
-- -----------------------------------------------------

USE `mydb`;
DROP procedure IF EXISTS `mydb`.`cobroSueldosEmpleados`;

DELIMITER $$
USE `mydb`$$
CREATE PROCEDURE `cobroSueldosEmpleados` ()
BEGIN
  DECLARE id_Sucursal INT;
  DECLARE max_id_Sucursal INT;
  DECLARE salarioEmple DOUBLE;
  SELECT id_Sucursal = min(ID), max_id_Sucursal = max(ID) FROM `mydb`.`Sucursal`;
  WHILE(id_Sucursal <= max_id_Sucursal) DO 
    SELECT salarioEmple = sum(Salario) FROM `mydb`.`Empeado` WHERE ID = id_Sucursal;
    CALL actualizaBeneficio(id_Sucursal, salarioEmple);
    SET id_Sucursal = id_Sucursal + 1;
  END WHILE;
END$$

DELIMITER ;

-- -----------------------------------------------------
-- procedure calcularPrecio
-- -----------------------------------------------------

USE `mydb`;
DROP procedure IF EXISTS `mydb`.`calcularPrecio`;

DELIMITER $$
USE `mydb`$$
CREATE PROCEDURE `calcularPrecio` (
IN inicio DATETIME, IN fin DATETIME, IN matricula VARCHAR(45), IN idReserva INT
)
BEGIN
	SELECT TIMESTAMPDIFF(DAY, inicio, fin) AS tiempo;
    SELECT precioDia = Precio FROM `mydb`.`Coche` WHERE (matricula = Matricula);
    UPDATE `mydb`.`Reserva`
    SET Precio = precioDia * tiempo WHERE ID = idReserva;
END$$

DELIMITER ;
USE `mydb`;

DELIMITER $$

USE `mydb`$$
DROP TRIGGER IF EXISTS `mydb`.`Sucursal_BEFORE_INSERT` $$
USE `mydb`$$
CREATE DEFINER = CURRENT_USER TRIGGER `mydb`.`Sucursal_BEFORE_INSERT` BEFORE INSERT ON `Sucursal` FOR EACH ROW
BEGIN
	IF NEW.Beneficio IS NULL THEN
		SET NEW.Beneficio = 0;
	END IF;
END$$


USE `mydb`$$
DROP TRIGGER IF EXISTS `mydb`.`Reserva_AFTER_UPDATE` $$
USE `mydb`$$
CREATE DEFINER = CURRENT_USER TRIGGER `mydb`.`Reserva_AFTER_UPDATE` AFTER UPDATE ON `Reserva` FOR EACH ROW
BEGIN
	DECLARE nuevoPrecio DOUBLE;
    SET nuevoPrecio = OLD.Precio - NEW.Precio;
    CALL actualizaBeneficio(NEW.Coche_Sucursal_Tiene_Sucursal_ID, nuevoPrecio);
END$$


DELIMITER ;

SET SQL_MODE=@OLD_SQL_MODE;
SET FOREIGN_KEY_CHECKS=@OLD_FOREIGN_KEY_CHECKS;
SET UNIQUE_CHECKS=@OLD_UNIQUE_CHECKS;

-- -----------------------------------------------------
-- Data for table `mydb`.`Sucursal`
-- -----------------------------------------------------
START TRANSACTION;
USE `mydb`;
INSERT INTO `mydb`.`Sucursal` (`ID`, `Nombre`, `Beneficio`, `Latitud`, `Longitud`) VALUES (1, 'Lanzarote', 32450.50, 15, 30);
INSERT INTO `mydb`.`Sucursal` (`ID`, `Nombre`, `Beneficio`, `Latitud`, `Longitud`) VALUES (2, 'Fuerteventura', 16640.24, 16, 2);
INSERT INTO `mydb`.`Sucursal` (`ID`, `Nombre`, `Beneficio`, `Latitud`, `Longitud`) VALUES (3, 'Gran Canaria', 17890.65, 15, 24);
INSERT INTO `mydb`.`Sucursal` (`ID`, `Nombre`, `Beneficio`, `Latitud`, `Longitud`) VALUES (4, 'Tenerife', 29845.00, 10, 34);
INSERT INTO `mydb`.`Sucursal` (`ID`, `Nombre`, `Beneficio`, `Latitud`, `Longitud`) VALUES (5, 'La Gomera', 9412, 24, 59);
INSERT INTO `mydb`.`Sucursal` (`ID`, `Nombre`, `Beneficio`, `Latitud`, `Longitud`) VALUES (6, 'La Palma', 7400, 21, 24);
INSERT INTO `mydb`.`Sucursal` (`ID`, `Nombre`, `Beneficio`, `Latitud`, `Longitud`) VALUES (7 , 'El Hierro', 189.54, 26, 63);

COMMIT;


-- -----------------------------------------------------
-- Data for table `mydb`.`Empleado`
-- -----------------------------------------------------
START TRANSACTION;
USE `mydb`;
INSERT INTO `mydb`.`Empleado` (`DNI`, `Nombre`, `NumSeguridadSocial`, `FechaInicioContrato`, `FechaFinContrato`, `Telefono`, `FechaNacimiento`, `Salario`, `Puesto`) VALUES ('12345678A', 'Pedro Picapiedra', '123', '2011-12-18 13:17:17', '2021-12-18 13:17:17', 111111547, '1954-12-18 13:14:17', 2600, 'Oficina-Aparcamiento');
INSERT INTO `mydb`.`Empleado` (`DNI`, `Nombre`, `NumSeguridadSocial`, `FechaInicioContrato`, `FechaFinContrato`, `Telefono`, `FechaNacimiento`, `Salario`, `Puesto`) VALUES ('12345678B', 'Luis Alfonso', '124', '2011-12-18 13:17:17', '2021-12-18 13:17:17', 123456789, '1974-12-18 13:14:17', 1200, 'Oficina');
INSERT INTO `mydb`.`Empleado` (`DNI`, `Nombre`, `NumSeguridadSocial`, `FechaInicioContrato`, `FechaFinContrato`, `Telefono`, `FechaNacimiento`, `Salario`, `Puesto`) VALUES ('12345678C', 'Juana Arco', '125', '2001-12-18 13:17:17', '2021-12-18 13:17:17', 444777555, '1972-12-18 13:14:17', 1100, 'Aparcamiento');
INSERT INTO `mydb`.`Empleado` (`DNI`, `Nombre`, `NumSeguridadSocial`, `FechaInicioContrato`, `FechaFinContrato`, `Telefono`, `FechaNacimiento`, `Salario`, `Puesto`) VALUES ('12345678D', 'Belma Picapiedra', '126', '2017-12-18 13:17:17', '2021-12-18 13:17:17', 111222333, '1994-12-18 13:14:17', 950, 'Oficina-Aparcamiento');
INSERT INTO `mydb`.`Empleado` (`DNI`, `Nombre`, `NumSeguridadSocial`, `FechaInicioContrato`, `FechaFinContrato`, `Telefono`, `FechaNacimiento`, `Salario`, `Puesto`) VALUES ('12345678E', 'Oliver Quinn', '127', '2018-12-18 13:17:17', '2021-12-18 13:17:17', 666555444, '1954-12-18 13:14:17', 690, 'Oficina');
INSERT INTO `mydb`.`Empleado` (`DNI`, `Nombre`, `NumSeguridadSocial`, `FechaInicioContrato`, `FechaFinContrato`, `Telefono`, `FechaNacimiento`, `Salario`, `Puesto`) VALUES ('12345678F', 'Tony Stark', '128', '2019-12-18 13:17:17', '2021-12-18 13:17:17', 777888999, '1997-12-18 13:14:17', 1400, 'Aparcamiento');
INSERT INTO `mydb`.`Empleado` (`DNI`, `Nombre`, `NumSeguridadSocial`, `FechaInicioContrato`, `FechaFinContrato`, `Telefono`, `FechaNacimiento`, `Salario`, `Puesto`) VALUES ('12345678G', 'Sansa Stark', '129', '2014-12-18 13:17:17', '2021-12-18 13:17:17', 999555111, '1963-12-18 13:14:17', 1300, 'Oficina-Aparcamiento');
INSERT INTO `mydb`.`Empleado` (`DNI`, `Nombre`, `NumSeguridadSocial`, `FechaInicioContrato`, `FechaFinContrato`, `Telefono`, `FechaNacimiento`, `Salario`, `Puesto`) VALUES ('12345678H', 'Jhon Nieve', '130', '2015-12-18 13:17:17', '2021-12-18 13:17:17', 111555888, '1981-12-18 13:14:17', 1160, 'Aparcamiento');
INSERT INTO `mydb`.`Empleado` (`DNI`, `Nombre`, `NumSeguridadSocial`, `FechaInicioContrato`, `FechaFinContrato`, `Telefono`, `FechaNacimiento`, `Salario`, `Puesto`) VALUES ('12345678I', 'Tyrion Lannister', '131', '2014-10-18 13:17:17', '2021-12-18 13:17:17', 777444222, '1988-12-18 13:14:17', 495, 'Oficina-Aparcamiento');

COMMIT;


-- -----------------------------------------------------
-- Data for table `mydb`.`Empresa Externa`
-- -----------------------------------------------------
START TRANSACTION;
USE `mydb`;
INSERT INTO `mydb`.`Empresa Externa` (`CIF`, `Telefono`, `Nombre`) VALUES ('255', 928547895, 'Cepsa');
INSERT INTO `mydb`.`Empresa Externa` (`CIF`, `Telefono`, `Nombre`) VALUES ('265', 928547885, 'Repsol');
INSERT INTO `mydb`.`Empresa Externa` (`CIF`, `Telefono`, `Nombre`) VALUES ('241', 928566569, 'Disa');

COMMIT;


-- -----------------------------------------------------
-- Data for table `mydb`.`Sucursal_Tiene`
-- -----------------------------------------------------
START TRANSACTION;
USE `mydb`;
INSERT INTO `mydb`.`Sucursal_Tiene` (`Sucursal_ID`) VALUES (1);
INSERT INTO `mydb`.`Sucursal_Tiene` (`Sucursal_ID`) VALUES (2);
INSERT INTO `mydb`.`Sucursal_Tiene` (`Sucursal_ID`) VALUES (3);
INSERT INTO `mydb`.`Sucursal_Tiene` (`Sucursal_ID`) VALUES (4);
INSERT INTO `mydb`.`Sucursal_Tiene` (`Sucursal_ID`) VALUES (5);
INSERT INTO `mydb`.`Sucursal_Tiene` (`Sucursal_ID`) VALUES (6);
INSERT INTO `mydb`.`Sucursal_Tiene` (`Sucursal_ID`) VALUES (7);

COMMIT;


-- -----------------------------------------------------
-- Data for table `mydb`.`Coche`
-- -----------------------------------------------------
START TRANSACTION;
USE `mydb`;
INSERT INTO `mydb`.`Coche` (`Matricula`, `MarcaModelo`, `NumAparcamiento`, `Precio`, `Sucursal_Tiene_Sucursal_ID`) VALUES ('1', 'Opel Astra', 15, 35, 4);
INSERT INTO `mydb`.`Coche` (`Matricula`, `MarcaModelo`, `NumAparcamiento`, `Precio`, `Sucursal_Tiene_Sucursal_ID`) VALUES ('2', 'Mercedes Benz', 14, 90, 3);
INSERT INTO `mydb`.`Coche` (`Matricula`, `MarcaModelo`, `NumAparcamiento`, `Precio`, `Sucursal_Tiene_Sucursal_ID`) VALUES ('3', 'Ferrari', 13, 120, 2);
INSERT INTO `mydb`.`Coche` (`Matricula`, `MarcaModelo`, `NumAparcamiento`, `Precio`, `Sucursal_Tiene_Sucursal_ID`) VALUES ('4', 'Opel Corsa', 12, 39, 7);
INSERT INTO `mydb`.`Coche` (`Matricula`, `MarcaModelo`, `NumAparcamiento`, `Precio`, `Sucursal_Tiene_Sucursal_ID`) VALUES ('5', 'Toyota', 11, 50, 6);
INSERT INTO `mydb`.`Coche` (`Matricula`, `MarcaModelo`, `NumAparcamiento`, `Precio`, `Sucursal_Tiene_Sucursal_ID`) VALUES ('6', 'Jeep Cheroke', 10, 60, 1);
INSERT INTO `mydb`.`Coche` (`Matricula`, `MarcaModelo`, `NumAparcamiento`, `Precio`, `Sucursal_Tiene_Sucursal_ID`) VALUES ('7', 'Volswagen Polo', 9, 45, 5);
INSERT INTO `mydb`.`Coche` (`Matricula`, `MarcaModelo`, `NumAparcamiento`, `Precio`, `Sucursal_Tiene_Sucursal_ID`) VALUES ('8', 'VolsWagen Golf', 8, 65, 1);
INSERT INTO `mydb`.`Coche` (`Matricula`, `MarcaModelo`, `NumAparcamiento`, `Precio`, `Sucursal_Tiene_Sucursal_ID`) VALUES ('9', 'Ford Fiesta', 7, 15, 5);
INSERT INTO `mydb`.`Coche` (`Matricula`, `MarcaModelo`, `NumAparcamiento`, `Precio`, `Sucursal_Tiene_Sucursal_ID`) VALUES ('10', 'Ford Focus', 6, 10, 2);
INSERT INTO `mydb`.`Coche` (`Matricula`, `MarcaModelo`, `NumAparcamiento`, `Precio`, `Sucursal_Tiene_Sucursal_ID`) VALUES ('11', 'Ford Mustang', 5, 215, 1);
INSERT INTO `mydb`.`Coche` (`Matricula`, `MarcaModelo`, `NumAparcamiento`, `Precio`, `Sucursal_Tiene_Sucursal_ID`) VALUES ('12', 'Porche Carrera', 4, 210, 1);
INSERT INTO `mydb`.`Coche` (`Matricula`, `MarcaModelo`, `NumAparcamiento`, `Precio`, `Sucursal_Tiene_Sucursal_ID`) VALUES ('13', 'Porche Cayman', 3, 205, 3);
INSERT INTO `mydb`.`Coche` (`Matricula`, `MarcaModelo`, `NumAparcamiento`, `Precio`, `Sucursal_Tiene_Sucursal_ID`) VALUES ('14', 'Tesla S', 2, 250, 6);
INSERT INTO `mydb`.`Coche` (`Matricula`, `MarcaModelo`, `NumAparcamiento`, `Precio`, `Sucursal_Tiene_Sucursal_ID`) VALUES ('15', 'Hyunday', 1, 74, 7);

COMMIT;


-- -----------------------------------------------------
-- Data for table `mydb`.`Cliente`
-- -----------------------------------------------------
START TRANSACTION;
USE `mydb`;
INSERT INTO `mydb`.`Cliente` (`Telefono`, `Nombre`, `Email`, `FechaNacimiento`, `LicenciaConducir`) VALUES (965742415, 'Marisol', 'aaa@bbb.cc', '1954-12-18 13:14:17', 'A');
INSERT INTO `mydb`.`Cliente` (`Telefono`, `Nombre`, `Email`, `FechaNacimiento`, `LicenciaConducir`) VALUES (987454540, 'Federico', 'aab@vvv.cc', '1974-12-18 13:14:17', 'B');
INSERT INTO `mydb`.`Cliente` (`Telefono`, `Nombre`, `Email`, `FechaNacimiento`, `LicenciaConducir`) VALUES (617470000, 'Nosequeponer', 'aac@d.s', '1924-12-18 13:14:17', 'C');
INSERT INTO `mydb`.`Cliente` (`Telefono`, `Nombre`, `Email`, `FechaNacimiento`, `LicenciaConducir`) VALUES (928744405, 'Guadalupe', 'adw@sdasd.c', '1996-12-18 13:14:17', 'D');
INSERT INTO `mydb`.`Cliente` (`Telefono`, `Nombre`, `Email`, `FechaNacimiento`, `LicenciaConducir`) VALUES (558745651, 'MariJose', 'asdasda@dfdfs.c', '1990-12-18 13:14:17', 'E');

COMMIT;


-- -----------------------------------------------------
-- Data for table `mydb`.`Reserva`
-- -----------------------------------------------------
START TRANSACTION;
USE `mydb`;
INSERT INTO `mydb`.`Reserva` (`ID`, `Precio`, `FechaInicio`, `FechaFin`, `Coche_Matricula`, `Coche_Sucursal_Tiene_Sucursal_ID`, `Empleado_DNI`, `Cliente_LicenciaConducir`) VALUES (1, NULL, '2021-12-18 13:14:17', '2021-12-31 13:14:17', '3', 2, '12345678C', 'D');
INSERT INTO `mydb`.`Reserva` (`ID`, `Precio`, `FechaInicio`, `FechaFin`, `Coche_Matricula`, `Coche_Sucursal_Tiene_Sucursal_ID`, `Empleado_DNI`, `Cliente_LicenciaConducir`) VALUES (2, NULL, '2021-11-17 13:14:17', '2021-11-21 13:14:17', '12', 1, '12345678B', 'E');
INSERT INTO `mydb`.`Reserva` (`ID`, `Precio`, `FechaInicio`, `FechaFin`, `Coche_Matricula`, `Coche_Sucursal_Tiene_Sucursal_ID`, `Empleado_DNI`, `Cliente_LicenciaConducir`) VALUES (3, NULL, '2021-01-18 13:14:17', '2021-02-18 13:14:17', '11', 1, '12345678B', 'B');
INSERT INTO `mydb`.`Reserva` (`ID`, `Precio`, `FechaInicio`, `FechaFin`, `Coche_Matricula`, `Coche_Sucursal_Tiene_Sucursal_ID`, `Empleado_DNI`, `Cliente_LicenciaConducir`) VALUES (4, NULL, '2021-04-18 13:14:17', '2021-04-26 13:14:17', '2', 3, '12345678A', 'A');
INSERT INTO `mydb`.`Reserva` (`ID`, `Precio`, `FechaInicio`, `FechaFin`, `Coche_Matricula`, `Coche_Sucursal_Tiene_Sucursal_ID`, `Empleado_DNI`, `Cliente_LicenciaConducir`) VALUES (5, NULL, '2021-02-18 13:14:17', '2021-02-29 13:14:17', '2', 3, '12345678A', 'C');

COMMIT;


-- -----------------------------------------------------
-- Data for table `mydb`.`Empleado_Trabaja_Sucursal`
-- -----------------------------------------------------
START TRANSACTION;
USE `mydb`;
INSERT INTO `mydb`.`Empleado_Trabaja_Sucursal` (`Sucursal_ID`, `Empleado_DNI`) VALUES (1, '12345678B');
INSERT INTO `mydb`.`Empleado_Trabaja_Sucursal` (`Sucursal_ID`, `Empleado_DNI`) VALUES (2, '12345678C');
INSERT INTO `mydb`.`Empleado_Trabaja_Sucursal` (`Sucursal_ID`, `Empleado_DNI`) VALUES (3, '12345678A');
INSERT INTO `mydb`.`Empleado_Trabaja_Sucursal` (`Sucursal_ID`, `Empleado_DNI`) VALUES (4, '12345678H');
INSERT INTO `mydb`.`Empleado_Trabaja_Sucursal` (`Sucursal_ID`, `Empleado_DNI`) VALUES (5, '12345678E');
INSERT INTO `mydb`.`Empleado_Trabaja_Sucursal` (`Sucursal_ID`, `Empleado_DNI`) VALUES (6, '12345678F');
INSERT INTO `mydb`.`Empleado_Trabaja_Sucursal` (`Sucursal_ID`, `Empleado_DNI`) VALUES (7, '12345678I');
INSERT INTO `mydb`.`Empleado_Trabaja_Sucursal` (`Sucursal_ID`, `Empleado_DNI`) VALUES (3, '12345678D');
INSERT INTO `mydb`.`Empleado_Trabaja_Sucursal` (`Sucursal_ID`, `Empleado_DNI`) VALUES (4, '12345678G');

COMMIT;


-- -----------------------------------------------------
-- Data for table `mydb`.`Sucursal_Contrata_EmpresaExterna`
-- -----------------------------------------------------
START TRANSACTION;
USE `mydb`;
INSERT INTO `mydb`.`Sucursal_Contrata_EmpresaExterna` (`Sucursal_ID`, `Empresa Externa_CIF`, `Coste`, `FechaInicio`, `FechaFin`, `InformacionContrato`) VALUES (1, '255', 4500, '2000-12-18 13:14:17', '2025-12-18 13:14:17', 'Combustible');
INSERT INTO `mydb`.`Sucursal_Contrata_EmpresaExterna` (`Sucursal_ID`, `Empresa Externa_CIF`, `Coste`, `FechaInicio`, `FechaFin`, `InformacionContrato`) VALUES (2, '255', 2400, '2000-12-18 13:14:17', '2025-12-18 13:14:17', 'Combustible');
INSERT INTO `mydb`.`Sucursal_Contrata_EmpresaExterna` (`Sucursal_ID`, `Empresa Externa_CIF`, `Coste`, `FechaInicio`, `FechaFin`, `InformacionContrato`) VALUES (3, '265', 3400, '2000-12-18 13:14:17', '2025-12-18 13:14:17', 'Combustible');
INSERT INTO `mydb`.`Sucursal_Contrata_EmpresaExterna` (`Sucursal_ID`, `Empresa Externa_CIF`, `Coste`, `FechaInicio`, `FechaFin`, `InformacionContrato`) VALUES (4, '265', 7400, '2000-12-18 13:14:17', '2025-12-18 13:14:17', 'Combustible');
INSERT INTO `mydb`.`Sucursal_Contrata_EmpresaExterna` (`Sucursal_ID`, `Empresa Externa_CIF`, `Coste`, `FechaInicio`, `FechaFin`, `InformacionContrato`) VALUES (5, '255', 900, '2000-12-18 13:14:17', '2025-12-18 13:14:17', 'Combustible');
INSERT INTO `mydb`.`Sucursal_Contrata_EmpresaExterna` (`Sucursal_ID`, `Empresa Externa_CIF`, `Coste`, `FechaInicio`, `FechaFin`, `InformacionContrato`) VALUES (6, '265', 345, '2000-12-18 13:14:17', '2025-12-18 13:14:17', 'Combustible');
INSERT INTO `mydb`.`Sucursal_Contrata_EmpresaExterna` (`Sucursal_ID`, `Empresa Externa_CIF`, `Coste`, `FechaInicio`, `FechaFin`, `InformacionContrato`) VALUES (7, '241', 695, '2000-12-18 13:14:17', '2025-12-18 13:14:17', 'Combustible');

COMMIT;


-- -----------------------------------------------------
-- Data for table `mydb`.`Nacional`
-- -----------------------------------------------------
START TRANSACTION;
USE `mydb`;
INSERT INTO `mydb`.`Nacional` (`DNI`, `Cliente_LicenciaConducir`) VALUES ('98765432A', 'A');
INSERT INTO `mydb`.`Nacional` (`DNI`, `Cliente_LicenciaConducir`) VALUES ('98765432B', 'B');
INSERT INTO `mydb`.`Nacional` (`DNI`, `Cliente_LicenciaConducir`) VALUES ('98765432C', 'C');

COMMIT;


-- -----------------------------------------------------
-- Data for table `mydb`.`Extranjero`
-- -----------------------------------------------------
START TRANSACTION;
USE `mydb`;
INSERT INTO `mydb`.`Extranjero` (`Pasaporte`, `Cliente_LicenciaConducir`) VALUES ('98765432D', 'D');
INSERT INTO `mydb`.`Extranjero` (`Pasaporte`, `Cliente_LicenciaConducir`) VALUES ('98765432E', 'E');

COMMIT;

